eeg_idx,fmri_idx,hemi,eeg_name,fmri_name
1,17,1,G_Ins_lg_and_S_cent_ins L,L G_Ins_lg_and_S_cent_ins
2,92,2,G_Ins_lg_and_S_cent_ins R,R G_Ins_lg_and_S_cent_ins
3,6,1,G_and_S_cingul-Ant L,L G_and_S_cingul-Ant
4,81,2,G_and_S_cingul-Ant R,R G_and_S_cingul-Ant
5,7,1,G_and_S_cingul-Mid-Ant L,L G_and_S_cingul-Mid-Ant
6,82,2,G_and_S_cingul-Mid-Ant R,R G_and_S_cingul-Mid-Ant
7,8,1,G_and_S_cingul-Mid-Post L,L G_and_S_cingul-Mid-Post
8,83,2,G_and_S_cingul-Mid-Post R,R G_and_S_cingul-Mid-Post
9,1,1,G_and_S_frontomargin L,L G_and_S_frontomargin
10,76,2,G_and_S_frontomargin R,R G_and_S_frontomargin
11,2,1,G_and_S_occipital_inf L,L G_and_S_occipital_inf
12,77,2,G_and_S_occipital_inf R,R G_and_S_occipital_inf
13,3,1,G_and_S_paracentral L,L G_and_S_paracentral
14,78,2,G_and_S_paracentral R,R G_and_S_paracentral
15,4,1,G_and_S_subcentral L,L G_and_S_subcentral
16,79,2,G_and_S_subcentral R,R G_and_S_subcentral
17,5,1,G_and_S_transv_frontopol L,L G_and_S_transv_frontopol
18,80,2,G_and_S_transv_frontopol R,R G_and_S_transv_frontopol
19,9,1,G_cingul-Post-dorsal L,L G_cingul-Post-dorsal
20,84,2,G_cingul-Post-dorsal R,R G_cingul-Post-dorsal
21,10,1,G_cingul-Post-ventral L,L G_cingul-Post-ventral
22,85,2,G_cingul-Post-ventral R,R G_cingul-Post-ventral
23,11,1,G_cuneus L,L G_cuneus
24,86,2,G_cuneus R,R G_cuneus
25,12,1,G_front_inf-Opercular L,L G_front_inf-Opercular
26,87,2,G_front_inf-Opercular R,R G_front_inf-Opercular
27,13,1,G_front_inf-Orbital L,L G_front_inf-Orbital
28,88,2,G_front_inf-Orbital R,R G_front_inf-Orbital
29,14,1,G_front_inf-Triangul L,L G_front_inf-Triangul
30,89,2,G_front_inf-Triangul R,R G_front_inf-Triangul
31,15,1,G_front_middle L,L G_front_middle
32,90,2,G_front_middle R,R G_front_middle
33,16,1,G_front_sup L,L G_front_sup
34,91,2,G_front_sup R,R G_front_sup
35,18,1,G_insular_short L,L G_insular_short
36,93,2,G_insular_short R,R G_insular_short
37,21,1,G_oc-temp_lat-fusifor L,L G_oc-temp_lat-fusifor
38,96,2,G_oc-temp_lat-fusifor R,R G_oc-temp_lat-fusifor
39,22,1,G_oc-temp_med-Lingual L,L G_oc-temp_med-Lingual
40,97,2,G_oc-temp_med-Lingual R,R G_oc-temp_med-Lingual
41,23,1,G_oc-temp_med-Parahip L,L G_oc-temp_med-Parahip
42,98,2,G_oc-temp_med-Parahip R,R G_oc-temp_med-Parahip
43,19,1,G_occipital_middle L,L G_occipital_middle
44,94,2,G_occipital_middle R,R G_occipital_middle
45,20,1,G_occipital_sup L,L G_occipital_sup
46,95,2,G_occipital_sup R,R G_occipital_sup
47,24,1,G_orbital L,L G_orbital
48,99,2,G_orbital R,R G_orbital
49,25,1,G_pariet_inf-Angular L,L G_pariet_inf-Angular
50,100,2,G_pariet_inf-Angular R,R G_pariet_inf-Angular
51,26,1,G_pariet_inf-Supramar L,L G_pariet_inf-Supramar
52,101,2,G_pariet_inf-Supramar R,R G_pariet_inf-Supramar
53,27,1,G_parietal_sup L,L G_parietal_sup
54,102,2,G_parietal_sup R,R G_parietal_sup
55,28,1,G_postcentral L,L G_postcentral
56,103,2,G_postcentral R,R G_postcentral
57,29,1,G_precentral L,L G_precentral
58,104,2,G_precentral R,R G_precentral
59,30,1,G_precuneus L,L G_precuneus
60,105,2,G_precuneus R,R G_precuneus
61,31,1,G_rectus L,L G_rectus
62,106,2,G_rectus R,R G_rectus
63,32,1,G_subcallosal L,L G_subcallosal
64,107,2,G_subcallosal R,R G_subcallosal
65,33,1,G_temp_sup-G_T_transv L,L G_temp_sup-G_T_transv
66,108,2,G_temp_sup-G_T_transv R,R G_temp_sup-G_T_transv
67,34,1,G_temp_sup-Lateral L,L G_temp_sup-Lateral
68,109,2,G_temp_sup-Lateral R,R G_temp_sup-Lateral
69,35,1,G_temp_sup-Plan_polar L,L G_temp_sup-Plan_polar
70,110,2,G_temp_sup-Plan_polar R,R G_temp_sup-Plan_polar
71,36,1,G_temp_sup-Plan_tempo L,L G_temp_sup-Plan_tempo
72,111,2,G_temp_sup-Plan_tempo R,R G_temp_sup-Plan_tempo
73,37,1,G_temporal_inf L,L G_temporal_inf
74,112,2,G_temporal_inf R,R G_temporal_inf
75,38,1,G_temporal_middle L,L G_temporal_middle
76,113,2,G_temporal_middle R,R G_temporal_middle
77,39,1,Lat_Fis-ant-Horizont L,L Lat_Fis-ant-Horizont
78,114,2,Lat_Fis-ant-Horizont R,R Lat_Fis-ant-Horizont
79,40,1,Lat_Fis-ant-Vertical L,L Lat_Fis-ant-Vertical
80,115,2,Lat_Fis-ant-Vertical R,R Lat_Fis-ant-Vertical
81,41,1,Lat_Fis-post L,L Lat_Fis-post
82,116,2,Lat_Fis-post R,R Lat_Fis-post
83,43,1,Pole_occipital L,L Pole_occipital
84,118,2,Pole_occipital R,R Pole_occipital
85,44,1,Pole_temporal L,L Pole_temporal
86,119,2,Pole_temporal R,R Pole_temporal
87,45,1,S_calcarine L,L S_calcarine
88,120,2,S_calcarine R,R S_calcarine
89,46,1,S_central L,L S_central
90,121,2,S_central R,R S_central
91,47,1,S_cingul-Marginalis L,L S_cingul-Marginalis
92,122,2,S_cingul-Marginalis R,R S_cingul-Marginalis
93,48,1,S_circular_insula_ant L,L S_circular_insula_ant
94,123,2,S_circular_insula_ant R,R S_circular_insula_ant
95,49,1,S_circular_insula_inf L,L S_circular_insula_inf
96,124,2,S_circular_insula_inf R,R S_circular_insula_inf
97,50,1,S_circular_insula_sup L,L S_circular_insula_sup
98,125,2,S_circular_insula_sup R,R S_circular_insula_sup
99,51,1,S_collat_transv_ant L,L S_collat_transv_ant
100,126,2,S_collat_transv_ant R,R S_collat_transv_ant
101,52,1,S_collat_transv_post L,L S_collat_transv_post
102,127,2,S_collat_transv_post R,R S_collat_transv_post
103,53,1,S_front_inf L,L S_front_inf
104,128,2,S_front_inf R,R S_front_inf
105,54,1,S_front_middle L,L S_front_middle
106,129,2,S_front_middle R,R S_front_middle
107,55,1,S_front_sup L,L S_front_sup
108,130,2,S_front_sup R,R S_front_sup
109,56,1,S_interm_prim-Jensen L,L S_interm_prim-Jensen
110,131,2,S_interm_prim-Jensen R,R S_interm_prim-Jensen
111,57,1,S_intrapariet_and_P_trans L,L S_intrapariet_and_P_trans
112,132,2,S_intrapariet_and_P_trans R,R S_intrapariet_and_P_trans
113,61,1,S_oc-temp_lat L,L S_oc-temp_lat
114,136,2,S_oc-temp_lat R,R S_oc-temp_lat
115,62,1,S_oc-temp_med_and_Lingual L,L S_oc-temp_med_and_Lingual
116,137,2,S_oc-temp_med_and_Lingual R,R S_oc-temp_med_and_Lingual
117,58,1,S_oc_middle_and_Lunatus L,L S_oc_middle_and_Lunatus
118,133,2,S_oc_middle_and_Lunatus R,R S_oc_middle_and_Lunatus
119,59,1,S_oc_sup_and_transversal L,L S_oc_sup_and_transversal
120,134,2,S_oc_sup_and_transversal R,R S_oc_sup_and_transversal
121,60,1,S_occipital_ant L,L S_occipital_ant
122,135,2,S_occipital_ant R,R S_occipital_ant
123,65,1,S_orbital-H_Shaped L,L S_orbital-H_Shaped
124,140,2,S_orbital-H_Shaped R,R S_orbital-H_Shaped
125,63,1,S_orbital_lateral L,L S_orbital_lateral
126,138,2,S_orbital_lateral R,R S_orbital_lateral
127,64,1,S_orbital_med-olfact L,L S_orbital_med-olfact
128,139,2,S_orbital_med-olfact R,R S_orbital_med-olfact
129,66,1,S_parieto_occipital L,L S_parieto_occipital
130,141,2,S_parieto_occipital R,R S_parieto_occipital
131,67,1,S_pericallosal L,L S_pericallosal
132,142,2,S_pericallosal R,R S_pericallosal
133,68,1,S_postcentral L,L S_postcentral
134,143,2,S_postcentral R,R S_postcentral
135,69,1,S_precentral-inf-part L,L S_precentral-inf-part
136,144,2,S_precentral-inf-part R,R S_precentral-inf-part
137,70,1,S_precentral-sup-part L,L S_precentral-sup-part
138,145,2,S_precentral-sup-part R,R S_precentral-sup-part
139,71,1,S_suborbital L,L S_suborbital
140,146,2,S_suborbital R,R S_suborbital
141,72,1,S_subparietal L,L S_subparietal
142,147,2,S_subparietal R,R S_subparietal
143,73,1,S_temporal_inf L,L S_temporal_inf
144,148,2,S_temporal_inf R,R S_temporal_inf
145,74,1,S_temporal_sup L,L S_temporal_sup
146,149,2,S_temporal_sup R,R S_temporal_sup
147,75,1,S_temporal_transverse L,L S_temporal_transverse
148,150,2,S_temporal_transverse R,R S_temporal_transverse
